AA_HGVS	Residue	Domain	Activity
2339	R	C2	low
604	W	A2	low
605	Y	A2	low
442	Y	A2	low
662	G	A2	low
650	L	A2	low
2344	G	C2	low
399	K	A2	low
2314	N	C2	low
412	W	A2	low
443	K	A2	low
498	G	A2	low
656	W	A2	low
444	K	A2	low
2239	R	C2	low
486	N	A2	low
501	D	A2	low
492	Y	A2	low
2230	H	C2	low
484	F	A2	low
2238	W	C2	low
405	I	A2	low
595	F	A2	low
447	F	A2	low
610	I	A2	low
2321	L	C2	low
2325	L	C2	low
455	F	A2	low
573	C	A2	low
637	N	A2	low
2248	W	C2	low
2334	H	C2	low
2338	L	C2	low
598	F	A2	low
2213	S	C2	low
2328	H	C2	low
2341	E	C2	low
431	L	A2	low
438	I	A2	low
478	D	A2	low
649	C	A2	low
2290	W	C2	low
2310	T	C2	low
552	Y	A2	low
401	W	A2	low
439	G	A2	low
2327	I	C2	low
479	T	A2	low
411	D	A2	low
480	L	A2	low
546	R	A2	low
2212	S	C2	low
2279	F	C2	low
665	T	A2	low
560	R	A2	low
2256	T	C2	low
599	D	A2	low
641	F	A2	low
2193	C	C2	low
540	P	A2	low
2264	T	C2	low
2228	R	C2	low
2316	L	C2	low
544	D	A2	low
2198	G	C2	low
2253	F	C2	low
2326	R	C2	low
2281	I	C2	low
2304	G	C2	low
2332	W	C2	low
467	I	A2	low
482	I	A2	low
2266	G	C2	low
2342	V	C2	low
469	G	A2	low
2320	L	C2	low
2318	P	C2	low
644	L	A2	low
457	T	A2	low
416	P	A2	low
490	R	A2	low
2284	S	C2	low
561	D	A2	low
2307	D	C2	low
493	N	A2	low
547	C	A2	low
653	V	A2	low
2204	I	C2	low
588	D	A2	low
450	Y	A2	low
404	Y	A2	low
582	G	A2	low
585	I	A2	low
554	S	A2	low
555	F	A2	low
2252	D	C2	low
2286	D	C2	low
2312	V	C2	low
2302	F	C2	low
2262	V	C2	low
2259	V	C2	low
2319	P	C2	low
2295	Q	C2	low
2309	F	C2	low
638	G	A2	low
2249	L	C2	low
491	P	A2	low
446	R	A2	low
2209	I	C2	low
557	N	A2	low
470	P	A2	low
2229	L	C2	low
2251	V	C2	low
2199	M	C2	low
2273	S	C2	low
2247	E	C2	low
2317	D	C2	low
579	D	A2	low
613	F	A2	low
2276	V	C2	low
2324	Y	C2	low
577	S	A2	low
395	K	A2	low
2265	Q	C2	low
522	I	A2	low
2192	S	C2	low
521	P	A2	low
2323	R	C2	low
657	Y	A2	low
472	L	A2	low
564	S	A2	low
565	G	A2	low
475	E	A2	low
2222	W	C2	low
2322	T	C2	low
485	K	A2	low
2206	D	C2	low
523	L	A2	low
494	I	A2	low
477	G	A2	low
2197	L	C2	low
556	V	A2	low
541	T	A2	low
2243	N	C2	low
568	G	A2	low
566	L	A2	low
445	V	A2	low
668	L	A2	low
533	T	A2	low
2274	M	C2	low
606	L	A2	low
2267	V	C2	low
2257	M	C2	low
592	V	A2	low
530	Y	A2	low
570	L	A2	low
441	K	A2	low
454	T	A2	low
496	P	A2	low
550	R	A2	low
624	D	A2	low
525	G	A2	low
400	T	A2	low
476	V	A2	low
548	L	A2	low
497	H	A2	low
423	D	A2	low
506	Y	A2	low
531	K	A2	low
2333	V	C2	low
528	F	A2	low
495	Y	A2	low
524	P	A2	low
2260	T	C2	low
593	I	A2	low
2195	M	C2	low
2246	K	C2	low
580	Q	A2	low
2278	E	C2	low
2217	N	C2	low
2255	K	C2	low
622	L	A2	low
437	R	A2	low
2305	N	C2	low
2250	Q	C2	low
538	D	A2	low
459	E	A2	low
2285	Q	C2	low
2291	T	C2	low
536	V	A2	low
504	P	A2	low
2315	S	C2	low
435	P	A2	low
551	Y	A2	low
434	G	A2	low
402	V	A2	low
562	L	A2	low
2254	Q	C2	low
2216	T	C2	low
425	S	A2	low
597	V	A2	low
2340	M	C2	low
2258	K	C2	low
520	F	A2	low
575	K	A2	low
427	K	A2	low
2283	S	C2	low
429	Q	A2	low
511	P	A2	low
545	P	A2	low
527	I	A2	low
2240	P	C2	low
539	G	A2	low
2275	Y	C2	low
483	I	A2	low
571	L	A2	low
2336	I	C2	low
2221	T	C2	low
2277	K	C2	low
518	K	A2	low
2208	Q	C2	low
2301	V	C2	low
474	G	A2	low
426	Y	A2	low
432	N	A2	low
2300	K	C2	low
451	T	A2	low
2294	F	C2	low
578	V	A2	low
2200	E	C2	low
2214	Y	C2	low
519	D	A2	low
510	L	A2	low
2261	G	C2	low
512	K	A2	low
471	L	A2	low
2233	G	C2	low
2245	P	C2	low
642	D	A2	low
651	H	A2	low
424	R	A2	low
542	K	A2	low
2289	Q	C2	low
428	S	A2	low
626	E	A2	low
517	L	A2	low
616	N	A2	low
2293	F	C2	low
440	R	A2	low
513	G	A2	low
659	L	A2	low
456	K	A2	low
558	M	A2	low
2272	T	C2	low
463	H	A2	low
453	E	A2	low
620	V	A2	low
640	V	A2	low
643	S	A2	low
464	E	A2	low
418	V	A2	low
2223	S	C2	low
2343	L	C2	low
2282	S	C2	low
516	H	A2	low
2288	H	C2	low
433	N	A2	low
422	D	A2	low
630	S	A2	low
648	V	A2	low
2201	S	C2	low
473	Y	A2	low
652	E	A2	low
2292	L	C2	low
2299	V	C2	low
398	P	A2	low
2269	S	C2	low
436	Q	A2	low
549	T	A2	low
509	R	A2	low
396	K	A2	low
508	R	A2	low
461	I	A2	low
2311	P	C2	low
2224	P	C2	low
397	H	A2	low
514	V	A2	low
419	L	A2	low
2225	S	C2	low
505	L	A2	low
2205	S	C2	low
2244	N	C2	low
586	M	A2	low
448	M	A2	low
569	P	A2	low
559	E	A2	low
2296	N	C2	low
2297	G	C2	low
526	E	A2	low
2219	F	C2	low
468	L	A2	low
661	I	A2	low
623	E	A2	low
417	L	A2	high
611	Q	A2	high
543	S	A2	high
587	S	A2	high
2313	V	C2	high
2331	S	C2	high
607	T	A2	high
647	S	A2	high
2287	G	C2	high
537	E	A2	high
481	L	A2	high
2194	S	C2	high
553	S	A2	high
2218	M	C2	high
619	G	A2	high
615	P	A2	high
500	T	A2	high
487	Q	A2	high
581	R	A2	high
2202	K	C2	high
2303	Q	C2	high
2330	Q	C2	high
515	K	A2	high
2280	L	C2	high
2308	S	C2	high
507	S	A2	high
2263	T	C2	high
410	E	A2	high
2215	F	C2	high
2196	P	C2	high
621	Q	A2	high
2270	L	C2	high
2271	L	C2	high
2234	R	C2	high
2210	T	C2	high
2241	Q	C2	high
667	F	A2	high
2231	L	C2	high
2236	N	C2	high
2335	Q	C2	high
2232	Q	C2	high
